{"cameraMode":{"drawMode":0,"name":"Shaded","section":"Shading Mode"},"sceneLighting":false,"audioPlay":false,"sceneViewState":{"showFog":false,"showMaterialUpdate":false,"showSkybox":false,"showFlares":false,"showImageEffects":false,"showParticleSystems":false},"in2DMode":false,"pivot":{"x":0.0,"y":-0.016830384731292726,"z":-0.23196066915988923},"rotation":{"x":0.015384639613330365,"y":-0.9838961362838745,"z":0.15315403044223786,"w":0.0937298983335495},"size":1.026099443435669,"orthographic":false}