{"cameraMode":{"drawMode":0,"name":"Shaded","section":"Shading Mode"},"sceneLighting":false,"audioPlay":false,"sceneViewState":{"showFog":false,"showMaterialUpdate":false,"showSkybox":false,"showFlares":false,"showImageEffects":false,"showParticleSystems":false},"in2DMode":false,"pivot":{"x":-3.7577786445617677,"y":-0.6637935638427734,"z":8.790213584899903},"rotation":{"x":0.12016753107309342,"y":-0.14897100627422334,"z":0.018041187897324563,"w":0.9814281463623047},"size":7.218229293823242,"orthographic":false}