{"cameraMode":{"drawMode":0,"name":"Shaded","section":"Shading Mode"},"sceneLighting":true,"audioPlay":false,"sceneViewState":{"showFog":false,"showMaterialUpdate":false,"showSkybox":false,"showFlares":false,"showImageEffects":false,"showParticleSystems":false},"in2DMode":false,"pivot":{"x":0.973893940448761,"y":67.24681854248047,"z":-28.204694747924806},"rotation":{"x":0.11076284945011139,"y":0.016389740630984308,"z":0.0018748436123132706,"w":-0.9937547445297241},"size":1.2985197305679322,"orthographic":false}