{"cameraMode":{"drawMode":0,"name":"Shaded","section":"Shading Mode"},"sceneLighting":false,"audioPlay":false,"sceneViewState":{"showFog":false,"showMaterialUpdate":false,"showSkybox":false,"showFlares":false,"showImageEffects":false,"showParticleSystems":false},"in2DMode":false,"pivot":{"x":29.109325408935548,"y":54.061737060546878,"z":41.94325637817383},"rotation":{"x":-0.1280321180820465,"y":-0.3055832087993622,"z":0.04150337725877762,"w":-0.942621648311615},"size":29.462636947631837,"orthographic":false}