{"cameraMode":{"drawMode":0,"name":"Shaded","section":"Shading Mode"},"sceneLighting":false,"audioPlay":false,"sceneViewState":{"showFog":false,"showMaterialUpdate":false,"showSkybox":false,"showFlares":false,"showImageEffects":false,"showParticleSystems":false},"in2DMode":false,"pivot":{"x":16.6442813873291,"y":49.12612533569336,"z":-50.15260314941406},"rotation":{"x":-0.02937334217131138,"y":-0.9703630805015564,"z":0.1810900717973709,"w":-0.1573963314294815},"size":29.462636947631837,"orthographic":false}