{"cameraMode":{"drawMode":0,"name":"Shaded","section":"Shading Mode"},"sceneLighting":false,"audioPlay":false,"sceneViewState":{"showFog":false,"showMaterialUpdate":false,"showSkybox":false,"showFlares":false,"showImageEffects":false,"showParticleSystems":false},"in2DMode":false,"pivot":{"x":-9.387731552124023e-7,"y":0.047103025019168857,"z":-0.00657317042350769},"rotation":{"x":-0.029993660748004915,"y":-0.4333767890930176,"z":0.014469428919255734,"w":-0.9006596803665161},"size":0.2961964011192322,"orthographic":false}