{"cameraMode":{"drawMode":0,"name":"Shaded","section":"Shading Mode"},"sceneLighting":false,"audioPlay":false,"sceneViewState":{"showFog":false,"showMaterialUpdate":false,"showSkybox":false,"showFlares":false,"showImageEffects":false,"showParticleSystems":false},"in2DMode":false,"pivot":{"x":-6.6675944328308109,"y":63.83409881591797,"z":1.3852506875991822},"rotation":{"x":-0.23556748032569886,"y":0.5683831572532654,"z":-0.17414775490760804,"w":-0.7688475251197815},"size":14.80907917022705,"orthographic":false}