{"cameraMode":{"drawMode":0,"name":"Shaded","section":"Shading Mode"},"sceneLighting":false,"audioPlay":false,"sceneViewState":{"showFog":false,"showMaterialUpdate":false,"showSkybox":false,"showFlares":false,"showImageEffects":false,"showParticleSystems":false},"in2DMode":false,"pivot":{"x":-0.8346458077430725,"y":-0.4905294179916382,"z":4.270466327667236},"rotation":{"x":0.0762997567653656,"y":0.45158472657203677,"z":-0.03904102370142937,"w":0.8881981372833252},"size":7.218229293823242,"orthographic":false}