{"cameraMode":{"drawMode":0,"name":"Shaded","section":"Shading Mode"},"sceneLighting":true,"audioPlay":false,"sceneViewState":{"showFog":false,"showMaterialUpdate":false,"showSkybox":false,"showFlares":false,"showImageEffects":false,"showParticleSystems":false},"in2DMode":false,"pivot":{"x":6.2527618408203129,"y":81.8245620727539,"z":36.03522491455078},"rotation":{"x":-0.030818261206150056,"y":0.7438472509384155,"z":0.03438447043299675,"w":0.6667557954788208},"size":50.21781921386719,"orthographic":false}