{"cameraMode":{"drawMode":0,"name":"Shaded","section":"Shading Mode"},"sceneLighting":true,"audioPlay":false,"sceneViewState":{"showFog":false,"showMaterialUpdate":false,"showSkybox":false,"showFlares":false,"showImageEffects":false,"showParticleSystems":false},"in2DMode":false,"pivot":{"x":-0.09111976623535156,"y":69.20284271240235,"z":-0.9294323325157166},"rotation":{"x":0.04127085581421852,"y":-0.739627480506897,"z":-0.04554390534758568,"w":-0.6702159643173218},"size":6.539885520935059,"orthographic":false}