{"cameraMode":{"drawMode":0,"name":"Shaded","section":"Shading Mode"},"sceneLighting":true,"audioPlay":false,"sceneViewState":{"showFog":false,"showMaterialUpdate":false,"showSkybox":false,"showFlares":false,"showImageEffects":false,"showParticleSystems":false},"in2DMode":false,"pivot":{"x":5.404876708984375,"y":84.6837387084961,"z":30.73195457458496},"rotation":{"x":-0.030818261206150056,"y":0.7438472509384155,"z":0.03438447043299675,"w":0.6667557954788208},"size":42.712501525878909,"orthographic":false}