{"cameraMode":{"drawMode":0,"name":"Shaded","section":"Shading Mode"},"sceneLighting":false,"audioPlay":false,"sceneViewState":{"showFog":false,"showMaterialUpdate":false,"showSkybox":false,"showFlares":false,"showImageEffects":false,"showParticleSystems":false},"in2DMode":false,"pivot":{"x":0.7712529897689819,"y":-2.7578163146972658,"z":-0.22838592529296876},"rotation":{"x":-0.3081626296043396,"y":0.0371028333902359,"z":-0.011999828740954399,"w":-0.9505589604377747},"size":11.645649909973145,"orthographic":false}