{"cameraMode":{"drawMode":0,"name":"Shaded","section":"Shading Mode"},"sceneLighting":false,"audioPlay":false,"sceneViewState":{"showFog":false,"showMaterialUpdate":false,"showSkybox":false,"showFlares":false,"showImageEffects":false,"showParticleSystems":false},"in2DMode":false,"pivot":{"x":0.0,"y":-0.016830429434776307,"z":-0.03196072578430176},"rotation":{"x":-0.027739832177758218,"y":-0.9452353715896606,"z":0.31437820196151736,"w":-0.08646516501903534},"size":1.6730581521987916,"orthographic":false}